text,time
Trump teases possible 2024 run at his 1st big rally since leaving White House, 2 days ago
Charges expected Thursday for Trump''s company top executive, 14 mins ago
Donald Trump heads to US-Mexico border for fresh attacks on President Joe Biden's policies, 5 hours ago
With 15 millionaires Biden Cabinet’s net worth lower than Trump Obama, 3 hours ago
Trump had to cancel a July 4 weekend rally at an Alabama military memorial park after the venue backed out, 4 hours ago
Trump hosts first rally since leaving White House | In Pics, 1 day ago
अमेरिका: ट्रंप के राष्ट्रपति पद से हटते ही संकट में आई अमेरिकी मीडिया इंडस्ट्री लोगों ने छोड़ा खबरें पढ़ना और देखना!, 6 hours ago
Worldscape: Can Castillo Ace Fujimori’s Trump Card, 4 hours ago
Trump lashes out at former ally McConnell after book reveals he pushed back against election claims, 1 day ago
The First Wave Of Post-Trump Books Arrives. And They Fight To ..., 7 hours ago
Donald Trump uses US border visit to pressure Joe Biden on ..., 7 hours ago
Trump Organization CFO expected to be charged Thursday -WSJ, 1 hour ago
Trump Ranks 41 Of 44 Presidents In Survey Of Historians As Obama Cracks Top 10, 51 mins ago
Trump had to cancel a July 4 weekend rally at an Alabama military memorial park after the venue backed out, 4 hours ago
Trump's followers do take him literally, 1 hour ago
Xbox Remote Play Gameplay Usage Review on Series X: Underused Microsoft Trump Card, 4 hours ago
U.S. Should Distance From Trump-Era Trade Key EU Official Says, 22 hours ago
Trump audit excitement meets with fear from election officials, 7 hours ago
Rudy Giuliani Facing Inquiry Into Whether He Lobbied Trump for Turkey, 1 day ago
Wisconsin G.O.P. Wrestles With Just How Much to Indulge Trump, 23 hours ago
Trump Joins Video Platform Rumble Ahead Of Ohio Rally, 3 days ago
Donald Trump revenge tour kicks off with Saturday rally in Ohio, 4 days ago
Major News Networks Skip Live Carriage Of Donald Trump’s Ohio Rally, 3 days ago
Trump says that former NFL player Herschel Walker will run in the 2022 Georgia Senate race, 18 hours ago
Biden Takes Agenda to Rural U.S. Where Trump Fans Abound, 1 day ago
Trump's Texas border visit shows the Lone Star State is leading the GOP resistance to Biden, 7 hours ago
Donald Trump's attorney general left over election fraud claims, 1 day ago
Former FBI official says he believes Ivanka Trump may have perjured herself in her testimony to DC prosecutors, 1 day ago
Trump contempt for White House Covid taskforce revealed in new book, 1 day ago
Parler reportedly refused to ban Trump’s critics as part of discussions to bring him onboard, 1 day ago
A Trump-Inspired Twitter Troll Gets Chance to Set the EU Agenda, 11 hours ago
A New Darkness Falls on the Trump Movement, 22 hours ago
Jill Biden makes cover of Vogue after Melania Trump was snubbed, 20 hours ago
Democrats win meager GOP support for post-Trump effort to shield ..., 15 hours ago
Murkowski has the moxie to take on Trump. Will she?, 7 hours ago
The Far-Right Twitter Clone Is Mad at the Far-Right YouTube Clone for Signing Up Donald Trump, 18 hours ago
Canceled Trump rally in Mobile leads to political finger-pointing, 12 hours ago
Colbert on Trump’s first rally since the Capitol riot: ‘Why is he allowed to have rallies after that?’, 1 day ago
Joining Trump at border Rep. Banks eyes path to power, 3 hours ago
Trump asked Parler to bar his critics if he joined; it refused: book, 1 day ago
The man who kept hanging 'Trump Won' banners at baseball games has been barred from all MLB stadiums but he's, 1 day ago
CNN rattled after Trump mocks network's dismal ratings drop, 14 hours ago
Kamala Harris to beat Donald Trump to the border, 6 days ago
Trump July 4th rally in Alabama cancelled by concerned local officials, 21 hours ago
Opinion | Dear Leader: A Near-Perfect Letter From a Trump Sycophant Annotated, 7 hours ago
Trump supporter warns CNN civil war is coming in alarming live segment, 18 hours ago
Trump’s First Postpresidential Rally Was a Dark Warning, 1 day ago
Investigators Homing In On Trump Organization's Culture of Cash ..., 4 hours ago
Bargain-Basement Sale on Donald Trump’s New York Condos a Success, 20 hours ago
Trump: ‘Nobody will ever know who really won’ NYC mayoral vote – ‘just like’ presidential election, 2 hours ago
Opinion: The Trump bump has disappeared. What now for ..., 4 hours ago
Hunting leaks Trump officials focused on Democrats in Congress, 3 weeks ago
Donald Trump’s January 6, 2 days ago
Online activism is spilling into the streets of Southern California sparking a post-Trump movement, 1 day ago
Donald Trump Jr. Did It Again With A Ridiculous Take On 'Brittany' Spears’ Conservatorship, 8 hours ago
Biden’s Failure to End Trump’s War on Cuba Is Threatening Lives, 1 day ago
Romney: Trump’s lie that he lost 2020 election from voter fraud ‘like WWF’, 2 days ago
Lapid inaugurates UAE embassy on 1st official visit thanks Netanyahu and Trump, 1 day ago
New & Noteworthy From Trump’s America to a Swedish Thriller, 1 day ago
Remember Donald Trump-touted hydroxychloroquine? Study in India backs it as Covid-19 cure, 3 weeks ago
Donald Trump’s lookalike seen in Pakistan a kulfi seller winning internet through his singing talent, 2 weeks ago
Trump Aides Prepped Insurrection Act Order Amid Protests, 4 days ago
Trump’s argument with military chief over suppressing BLM protests led to shouting match book claims, 1 day ago
Trump Organization Could Face Criminal Charges in D.A. Inquiry, 2 days ago
Donald Trump’s grievances cloud Republican agenda heading into 2022, 3 weeks ago
Donald Trump's 'communications' platform permanently taken offline, 1 month ago
Rudy Giuliani is suspended from practicing law in New York over false statements about Trump election loss, 6 days ago
Legal storm clouds gather over Donald Trump’s future, 3 weeks ago
Donald Trump calls Bitcoin 'a scam against the dollar', 3 weeks ago
Inside the extraordinary effort to save Trump from covid-19, 4 days ago
Trump's big lie about 2020 results suffers legal and political blows in key swing states, 3 days ago
Top US general rejected Trump suggestions military should 'crack skulls' during protests last year new book claims, 5 days ago
Fed research: Trump’s trade tariffs led to losses in billions, 1 week ago
Biden revokes and replaces Trump orders banning TikTok and WeChat, 3 weeks ago
Donald Trump’s Former Bodyguard Under Scrutiny in New York Probe, 1 week ago
Joe Biden to use Nato summit to atone for damage of Trump years, 2 weeks ago
Trump set to return to public arena as emails reveal how he pushed election lie, 3 weeks ago
There’s no escape from holding Trump accountable, 2 weeks ago
Trump’s ex-counsel quizzed on Russia investigation after two-year fight, 4 weeks ago
Trump's Planned Return Isn't Really a Joke, 4 weeks ago
Trump’s defender in rape defamation suit: Biden’s Justice Dept, 3 weeks ago
New book offers fresh details about chaos conflicts inside Trump’s pandemic response, 1 week ago
Shein Clothing Beats Amazon in App Downloads After Emerging ..., 2 weeks ago
Donald Trump Jr sells $500 videos to fans on Cameo, 4 weeks ago
Fox News host Kayleigh McEnany says she ‘never lied’ as Trump press secretary, 2 weeks ago
Tension grips Michigan as Trump’s election attacks continue to reverberate, 6 days ago
What to expect from Trump's summer grievance tour, 1 month ago
Congress to probe 'rogue' actions of Trump's Justice Dept, 2 weeks ago
Trump aide asked DoJ to investigate bizarre ‘Italygate’ claim votes were changed by satellite, 3 weeks ago
House Republicans set to join Trump's border trip, 1 week ago
America's Image Abroad Rebounds With Transition From Trump to ..., 3 weeks ago
Trump Pressed Rosen to Wield Justice Dept. to Back 2020 Election Claims, 2 weeks ago
Woes mount for legal loyalists who pushed Trump’s election conspiracies, 2 weeks ago
Fugees rapper Pras Jho Low charged in scheme to get Trump administration to drop 1MDB probe, 3 weeks ago
Ex-Trump adviser paints disturbing picture of Trump's mindset, 4 weeks ago
Reverse Trump’s cuts to monument protections Haaland asks Biden, 2 weeks ago
Man posed as Trump's family to steal thousands from supporters prosecutors say, 3 weeks ago
Trump Executive Allen Weisselberg Could Face Charges as Soon as This Summer, 2 weeks ago
Actually Trump Was NOT Wearing His Pants Backward At A ..., 3 weeks ago
Woes mount for legal loyalists who pushed Trump’s election conspiracies, 2 weeks ago
Fugees rapper Pras Jho Low charged in scheme to get Trump administration to drop 1MDB probe, 3 weeks ago
Ex-Trump adviser paints disturbing picture of Trump's mindset, 4 weeks ago
Reverse Trump’s cuts to monument protections Haaland asks Biden, 2 weeks ago
Man posed as Trump's family to steal thousands from supporters prosecutors say, 3 weeks ago
Trump Executive Allen Weisselberg Could Face Charges as Soon as This Summer, 2 weeks ago
Actually Trump Was NOT Wearing His Pants Backward At A ..., 3 weeks ago
Can Biden Reverse Trump’s Damage to the State Department?, 2 weeks ago
Daily Crunch: Facebook extends Trump’s suspension until January 2023, 4 weeks ago
Trump congratulates Nigeria for Twitter ban says more countries should do the same, 3 weeks ago
Trump's new Hillary, 4 weeks ago
US formally ends Trump’s ‘Remain in Mexico’ asylum policy, 1 month ago
NATO adopts tough line on China at Biden's debut summit with ..., 2 weeks ago
Trump's back. Here's what his re-entry means for 2024., 1 month ago
Reuters Trump-inspired death threats are terrorizing election ..., 3 weeks ago
‘He’s screwed over so many publishers’: Trump confronts a skeptical book industry, 2 weeks ago
What is Trump Doing Now? Mar-A-Lago and Florida Coast Become ..., 3 weeks ago
Trump Impeachment Lawyers Representing People Charged In ..., 3 weeks ago
Trump and his allies try to rewrite distort history of pandemic while casting Fauci as public enemy No. 1, 3 weeks ago
What Happened When Trump Was Banned on Facebook and Twitter, 3 weeks ago
Michael Flynn and Trump’s lasting elevation of the fringe, 4 weeks ago
A Disturbing Number of Republicans Believe Trump’s Batshit Claim About Being “Reinstated” as President, 3 weeks ago
Biden to Amend Trump's China Blacklist Target Key Industries, 1 month ago
Trump’s shadow still looms over cloudy skies at G-7 summit, 2 weeks ago
FBI chief calls Capitol attack domestic terrorism and rejects Trump’s fraud claims, 3 weeks ago
Why Senate Democrats reversed few of Trump's 'midnight rules', 3 weeks ago
'So interesting': Trump pitched on idea to run for House become Speaker | TheHill, 4 weeks ago
Trump’s Deranged Theory That Democrats Would Replace Biden Might Have Helped Him Lose 2020, 3 weeks ago
Netanyahu's Trump-style campaign to stop Israel's transfer of power, 3 weeks ago
Trump has grown increasingly consumed with ballot audits as he pushes falsehood that election was stolen, 1 month ago
The case for prosecuting Donald Trump, 3 weeks ago
Trump's North Carolina GOP Convention Speech And The ..., 3 weeks ago
Late Night Is Tickled by Trump’s Pants, 3 weeks ago
New book suggests Birx wanted Trump to lose presidential election, 2 weeks ago
States Biden Won Are Leading On Vaccines. Trump States Lag, 3 weeks ago
Jimmy Fallon Throws Jabs at Trump’s New Tour With Bill O’Reilly, 3 weeks ago
How a Trump ally rode Trump’s election fraud lie to political prominence, 2 weeks ago
Trump’s blog just shut down. Without the mainstream media he’s starving., 1 month ago
Police did not clear D.C.'s Lafayette Square of protesters so Trump could hold a photo op new report says, 3 weeks ago
Biden’s China Policy Is Emerging—and It Looks a Lot Like Trump’s, 3 weeks ago
Arizona ballot audit backed by secretive donors linked to Trump’s inner circle, 3 weeks ago
Apple Says It Turned Over Data on Donald McGahn in 2018, 2 weeks ago
Fox News host Sean Hannity wrote Trump 2020 campaign ad book claims, 1 month ago
Melania Trump's Ultra-Private Sister Draws Attention with Twitter Account, 3 weeks ago
Why Biden plans to reverse Trump’s Alaska policy in the Tongass National Forest, 2 weeks ago
Trump Administration Secretly Seized Phone Records of Times Reporters, 4 weeks ago
How Trump’s Political Legacy Is on the Ballot in the Virginia Governor’s Race, 3 weeks ago
Trump's 'ironic' rally soundtrack stuns Keilar and Berman, 3 weeks ago
Trump administration pursued CNN reporter's records in months-long secret court battle, 3 weeks ago
How Trump's tariffs haunt Kentucky's whiskey distillers: 'We're still on death row', 2 weeks ago
The GOP superspreaders of Trump’s contagion, 3 weeks ago
Trump's August election reinstatement theory is even worse than it looks, 3 weeks ago
CNN Says Government Issued Gag Order in Fight Over Reporter’s Email Data, 2 weeks ago
Trump’s company puts D.C. hotel lease up for sale again, 1 month ago
Trump’s election fraud claims propelled them to the Capitol on Jan. 6. His ongoing comments are keeping them in jail., 3 weeks ago
You can believe in UFOs without believing Trump's election lies, 3 weeks ago
Senate report reveals new details about security failures ahead of January 6 attack but omits Trump's role, 3 weeks ago
The Biden team is making terrible excuses for keeping Trump’s secrets buried, 1 month ago
Biden goes ‘full steam ahead’ on Trump’s nuclear expansion despite campaign rhetoric, 1 month ago
‘I Made Juneteenth Very Famous’: The Inside Story of Trump’s Post-George Floyd Month, 2 weeks ago
National Review Confirms 'Startling' Report On Trump's Current Grasp Of Reality, 4 weeks ago
Donald Trump may launch his own social media platform soon, 3 months ago
Trump launches new 'communications' platform, 1 month ago
Trump slams South Korea's Moon but says likes North Korea's Kim, 2 months ago
Trump fumes as New York inquiry now a criminal probe, 1 month ago
Alarm over Trump's 'coup' in slow motion, 7 months ago
Biden will inherit a strong hand against China's Xi Jinping thanks to Trump, 6 months ago
5 reasons why Democrats are after Donald Trump in final days of his office, 5 months ago
Covid-19: Antibody cocktail used to treat Trump launched in India at Rs 59750/dose, 1 month ago
Explained: Trump’s H-1B visa ban has expired; what does it mean for India’s IT sector?, 2 months ago
What's next for Trump the Republican Party and Biden?, 4 months ago
Facebook bans 'voice of Trump' from platform, 2 months ago
Trump Pence distance from Capitol rioters; suggest Prez wont be removed, 5 months ago
Trump Pardons More Allies Including Son-In-Law's Father: White House, 6 months ago
Climate Action: Trump Undid Obama's Work Now Biden Plans To ..., 7 months ago
Does Trump have power to pardon himself? It's complicated, 6 months ago
Oversight Board upholds Donald Trump's suspension from Facebook and Instagram, 1 month ago
Trump to attend G20 summit in among last appearances with world leaders, 7 months ago
Twitter will reinstate Trump’s account following his deletion of tweets, 5 months ago
Trump acquitted of inciting insurrection even as bipartisan majority votes ‘guilty’, 4 months ago
Trump’s last stand as America lurches leftward, 5 months ago
Facebook and Twitter Finally Locked Donald Trump's Accounts. Will They Ban Him Permanently?, 5 months ago
Trump’s Next Challenge Is to Turn 74 Million Believers Into Buyers, 3 months ago
Donald Trump: Biography Tenure Political Party Property Awards ..., 5 months ago
The deplatforming of President Trump, 5 months ago
Twitter Facebook lock Donald Trump’s account after violence on Capitol Hill, 5 months ago
US Capitol violence triggers exodus of officials from Trump administration, 5 months ago
Trump impeachment: Key takeaways from defence case, 4 months ago
Snapchat locks President Donald Trump’s account, 5 months ago
Donald Trump's India partner Tribeca to launch more projects in Mumbai Noida Bengaluru and Hyderabad in..., 3 months ago
Donald Trump's India partner Tribeca to launch more projects in Mumbai Noida Bengaluru and Hyderabad in..., 3 months ago
Donald Trump’s final speech as president: Full transcript, 5 months ago
Trump’s ‘mini revolution’ is missing a megaphone, 1 month ago
US Supreme Court to Hear Trump Bid To Exclude Illegal Immigrants From Representation, 8 months ago
Donald Trump’s letter for Joe Biden triggers hilarious guesses online, 5 months ago
Donald Trump's wealth takes tumble during presidency, 3 months ago
Donald Trump Melania have mild Covid-19 symptoms are in good spirits: White House, 8 months ago
‘Madman … racist sexist pig’: new book details Obama’s real thoughts on Trump, 1 month ago
Snapchat permanently bans President Trump’s account, 5 months ago
Who’s who in Donald Trump’s second impeachment trial, 4 months ago
YouTube will punish Trump and other channels that continue to spread election lies, 5 months ago
US election: Trump won't commit to peaceful transfer of power, 9 months ago
President Trump permanently banned from Twitter over risk he could incite violence, 5 months ago
'Rationals' vs. 'radicals': Anti-Trump Republicans threaten third party, 1 month ago
Facebook Oversight Board delays decision about Trump's possible return, 2 months ago
White House acknowledges Trump's condition had been worse than revealed, 8 months ago
Dumping Donald Trump's policies Joe Biden leads world again in fight against climate change, 2 months ago
Trump Suspended by Twitter Facebook Snap in Riot's Wake, 5 months ago
What are the major factors that helped Mamata trump the Modi ..., 1 month ago
The corporate backlash to Trump after the Capitol riot: Why Twitter Deutsche Bank and others are cutting of…, 5 months ago
How Trump damaged science — and why it could take decades to ..., 8 months ago
Anthony Fauci not on Biden\'s COVID transition team; will stay with Trump, 7 months ago
US President Trump presents Legion of Merit to Prime Minister Narendra Modi, 6 months ago
The 'Shared Psychosis' of Donald Trump and His Loyalists, 5 months ago
How India Dealt with Donald Trump – The Diplomat, 7 months ago
Trump finally concedes Biden will become president, 5 months ago
Donald Trump’s remark on ‘filthy’ Indian air sparks row, 8 months ago
U.S. Billionaires Got $1 Trillion Richer During Trump's Term, 8 months ago
Trump pardons dozens in final hours including ex-aide Steve Bannon, 5 months ago
How Facebook and Twitter decided to take down Trump's accounts, 5 months ago
Fox News Intensifies Its Pro-Trump Politics as Dissenters Depart, 1 month ago
Trump Net Worth 2021: Business Empire at Risk from Covid Capitol ..., 3 months ago
Trump is sliding toward online irrelevance. His new blog isn’t helping., 1 month ago
Twitter boss: Trump ban is 'right' but 'dangerous', 5 months ago
Explainer: Trump's acts as president are 'fair game' for criminal charges, 4 months ago
Mar-a-Lago: 'Covid outbreak' at Trump's Florida residence, 3 months ago
‘Dumb son of a bitch’: Trump attacks McConnell in Republican donors speech, 2 months ago
Trump’s Inner Circle Is Reportedly Soiling Itself at the Likelihood of Criminal Charges as It Should Be, 1 month ago
Melania’s jacket and nine other defining images of Trump's presidency, 5 months ago
Secret Service extension for Trump’s adult children cost $140000 in a month, 1 month ago
Facebook Suspends Trump Indefinitely Amid Pressure on Social Media to Clamp Down, 5 months ago
He couldn't take Trump's lies anymore, 1 month ago
Trump urges Georgia official to overturn vote in leaked call, 5 months ago
How Science Explains Trump's Grip on White Males, 5 months ago
Coronavirus: Trump hospitalised for ‘mild symptoms’ but US president says he is doing very well, 8 months ago
The Race to Dismantle Trump's Immigration Policies, 4 months ago
Nick Clegg Steers Facebook's Trump Decision, 1 month ago
Trump Impeachment: Democrats Rest Their case Using Trump's ..., 4 months ago
How America Changed During Trump's Presidency, 5 months ago
Trump’s taxes: Why they matter to a criminal probe, 4 months ago
Most Republicans still believe 2020 election was stolen from Trump – poll, 1 month ago
Facebook and Shopify boot Trump following Capitol siege, 5 months ago
Democrats renew effort to get Donald Trump’s financial records, 1 month ago
Campaign Said to Have Targeted Trump 'Enemies' in Government, 1 month ago
Trump’s acquittal seals his grasp on the Republican party, 4 months ago
US historians on what Donald Trump's legacy will be, 5 months ago
Trump impeached for 'inciting' US Capitol riot in historic second charge, 5 months ago
Trump's Power Won't Peak for Another 20 Years, 2 months ago
Democrats ask FBI to investigate Trump's Georgia phone call, 5 months ago
Since leaving office Trump has charged the Secret Service more than $40000 to use space at Mar-a-Lago, 1 month ago
How Barr Finally Turned on Trump, 3 days ago
Trump teases possible 2024 run at his 1st big rally since leaving White House, 2 days ago
Manhattan prosecutors will charge the Trump Organization and its CFO with tax-related crimes on Thursday repo, 1 hour ago
With 15 millionaires Biden Cabinet’s net worth lower than Trump Obama, 3 hours ago
Worldscape: Can Castillo Ace Fujimori’s Trump Card, 4 hours ago
Donald Trump heads to US-Mexico border for fresh attacks on President Joe Biden's policies, 5 hours ago
Trump hosts first rally since leaving White House | In Pics, 1 day ago
अमेरिका: ट्रंप के राष्ट्रपति पद से हटते ही संकट में आई अमेरिकी मीडिया इंडस्ट्री लोगों ने छोड़ा खबरें पढ़ना और देखना!, 6 hours ago
Charges expected Thursday for Trump''s company top executive, 19 mins ago
Trump lashes out at former ally McConnell after book reveals he pushed back against election claims, 1 day ago
The First Wave Of Post-Trump Books Arrives. And They Fight To ..., 7 hours ago
Donald Trump calls former Attorney General Barr disappointment, 2 days ago
Trump Ranks 41 Of 44 Presidents In Survey Of Historians As Obama Cracks Top 10, 56 mins ago
Trump blasts former ally McConnell after book reveals he pushed back voter fraud claims, 1 day ago
Trump's followers do take him literally, 1 hour ago
"Donald Trump visits Texas to tour ""unfinished border wall"" on U.S. ...", 6 hours ago
Xbox Remote Play Gameplay Usage Review on Series X: Underused Microsoft Trump Card, 4 hours ago
U.S. Should Distance From Trump-Era Trade Key EU Official Says, 22 hours ago
Trump audit excitement meets with fear from election officials, 7 hours ago
Rudy Giuliani Facing Inquiry Into Whether He Lobbied Trump for Turkey, 1 day ago
Wisconsin G.O.P. Wrestles With Just How Much to Indulge Trump, 23 hours ago
Americans Call for Mr. Donald Trump to be Voice of Humanity at “Global Crisis. This Already Affects Everyone”, 9 hours ago
Biden Takes Agenda to Rural U.S. Where Trump Fans Abound, 1 day ago
Trump's Texas border visit shows the Lone Star State is leading the GOP resistance to Biden, 7 hours ago
A Trump-Inspired Twitter Troll Gets Chance to Set the EU Agenda, 12 hours ago
Wuhan lab-leak theory fuels Trump comeback rally, 2 days ago
Trump contempt for White House Covid taskforce revealed in new book, 1 day ago
Parler reportedly refused to ban Trump’s critics as part of discussions to bring him onboard, 1 day ago
A New Darkness Falls on the Trump Movement, 23 hours ago
Jill Biden makes cover of Vogue after Melania Trump was snubbed, 20 hours ago
Trump reps reportedly told Parler he'd become an active member of the right-wing platform if it banned his cri, 1 day ago
Murkowski has the moxie to take on Trump. Will she?, 7 hours ago
Top US general got into shouting match with Trump over race protests – report, 2 days ago
Colbert on Trump’s first rally since the Capitol riot: ‘Why is he allowed to have rallies after that?’, 1 day ago
Twitter reactions: Tabraiz Shamsi Quinton de Kock help South Africa trump West Indies in a last-over thriller, 9 hours ago
The man who kept hanging 'Trump Won' banners at baseball games has been barred from all MLB stadiums but he's, 1 day ago
CNN rattled after Trump mocks network's dismal ratings drop, 14 hours ago
Iranian president says US gov't still follows Trump's legacy against ..., 3 hours ago
Opinion | Dear Leader: A Near-Perfect Letter From a Trump Sycophant Annotated, 7 hours ago
Weather could trump USDA data analyst says, 1 hour ago
Trump’s First Postpresidential Rally Was a Dark Warning, 1 day ago
Bargain-Basement Sale on Donald Trump’s New York Condos a Success, 20 hours ago
Facebook suspends former U.S. President Donald Trump’s account until 2023, 4 weeks ago
Opinion: The Trump bump has disappeared. What now for ..., 4 hours ago
Inside the extraordinary effort to save Trump from Covid, 9 hours ago
Trump's July 4 weekend rally in Alabama canceled over 'partisan' concerns, 20 hours ago
Romney: Most Americans know Trump's election fraud claims are ..., 16 hours ago
Trump says Herschel Walker will run for Georgia Senate seat in 2022, 18 hours ago
Dems fret that GOP could tap pro-Trump chaos agents for Jan. 6 probe, 7 hours ago
Hunting leaks Trump officials focused on Democrats in Congress, 3 weeks ago
Donald Trump’s January 6, 2 days ago
Online activism is spilling into the streets of Southern California sparking a post-Trump movement, 1 day ago
Donald Trump says bitcoin is a scam. Here’s why, 3 weeks ago
Donald Trump Jr. Did It Again With A Ridiculous Take On 'Brittany' Spears’ Conservatorship, 8 hours ago
Biden’s Failure to End Trump’s War on Cuba Is Threatening Lives, 1 day ago
John Bolton Almost Gave His Donald Trump Memoir A NSFW Title But Was Talked Out Of It, 7 hours ago
Romney: Trump’s lie that he lost 2020 election from voter fraud ‘like WWF’, 2 days ago
"Michael Cohen on Trump legal drama: ""They have documents to ...", 5 hours ago
Trump's new public enemy no. 1, 1 day ago
Panel Reaffirms Blow to Trump's Signature Civil Service Reform ..., 1 day ago
Harris is on a mission to repair Trump's failed immigration policies | TheHill, 1 day ago
Three percenter at Trump rally warns of future violence, 1 day ago
Documents Show Ivanka Trump Didn't Testify Accurately in ..., 2 days ago
New & Noteworthy From Trump’s America to a Swedish Thriller, 1 day ago
Remember Donald Trump-touted hydroxychloroquine? Study in India backs it as Covid-19 cure, 3 weeks ago
Backlash over shambolic ballot spectacle doesn't discourage Arizona GOP from Trump loyalty, 11 hours ago
Donald Trump’s lookalike seen in Pakistan a kulfi seller winning internet through his singing talent, 2 weeks ago
Trump Aides Prepped Insurrection Act Order Amid Protests, 4 days ago
Trump Organization Could Face Criminal Charges in D.A. Inquiry, 2 days ago
Donald Trump's 'communications' platform permanently taken offline, 1 month ago
Rudy Giuliani is suspended from practicing law in New York over false statements about Trump election loss, 6 days ago
Legal storm clouds gather over Donald Trump’s future, 3 weeks ago
Inside the extraordinary effort to save Trump from covid-19, 4 days ago
Top US general rejected Trump suggestions military should 'crack skulls' during protests last year new book claims, 5 days ago
Fed research: Trump’s trade tariffs led to losses in billions, 1 week ago
Biden revokes and replaces Trump orders banning TikTok and WeChat, 3 weeks ago
Donald Trump’s Former Bodyguard Under Scrutiny in New York Probe, 1 week ago
Trump adviser Lewandowski: he ‘lost the election’ and will not be reinstated, 3 weeks ago
Joe Biden to use Nato summit to atone for damage of Trump years, 2 weeks ago
Trump set to return to public arena as emails reveal how he pushed election lie, 3 weeks ago
Trump’s fundraising arm is back advertising on Facebook, 1 week ago
There’s no escape from holding Trump accountable, 2 weeks ago
Trump’s ex-counsel quizzed on Russia investigation after two-year fight, 4 weeks ago
Trump's Planned Return Isn't Really a Joke, 4 weeks ago
Trump’s defender in rape defamation suit: Biden’s Justice Dept, 3 weeks ago
New book offers fresh details about chaos conflicts inside Trump’s pandemic response, 1 week ago
Shein Clothing Beats Amazon in App Downloads After Emerging ..., 2 weeks ago
Donald Trump Jr sells $500 videos to fans on Cameo, 4 weeks ago
Fox News host Kayleigh McEnany says she ‘never lied’ as Trump press secretary, 2 weeks ago
Tension grips Michigan as Trump’s election attacks continue to reverberate, 6 days ago
What to expect from Trump's summer grievance tour, 1 month ago
Congress to probe 'rogue' actions of Trump's Justice Dept, 2 weeks ago
Trump aide asked DoJ to investigate bizarre ‘Italygate’ claim votes were changed by satellite, 3 weeks ago
House Republicans set to join Trump's border trip, 1 week ago
America's Image Abroad Rebounds With Transition From Trump to ..., 3 weeks ago
Trump Pressed Rosen to Wield Justice Dept. to Back 2020 Election Claims, 2 weeks ago
Woes mount for legal loyalists who pushed Trump’s election conspiracies, 2 weeks ago
Fugees rapper Pras Jho Low charged in scheme to get Trump administration to drop 1MDB probe, 3 weeks ago
Ex-Trump adviser paints disturbing picture of Trump's mindset, 4 weeks ago
Reverse Trump’s cuts to monument protections Haaland asks Biden, 2 weeks ago
House Republicans set to join Trump's border trip, 1 week ago
America's Image Abroad Rebounds With Transition From Trump to ..., 3 weeks ago
Trump Pressed Rosen to Wield Justice Dept. to Back 2020 Election Claims, 2 weeks ago
Woes mount for legal loyalists who pushed Trump’s election conspiracies, 2 weeks ago
Fugees rapper Pras Jho Low charged in scheme to get Trump administration to drop 1MDB probe, 3 weeks ago
Ex-Trump adviser paints disturbing picture of Trump's mindset, 4 weeks ago
Reverse Trump’s cuts to monument protections Haaland asks Biden, 2 weeks ago
Man posed as Trump's family to steal thousands from supporters prosecutors say, 3 weeks ago
Trump Executive Allen Weisselberg Could Face Charges as Soon as This Summer, 2 weeks ago
Actually Trump Was NOT Wearing His Pants Backward At A ..., 3 weeks ago
Can Biden Reverse Trump’s Damage to the State Department?, 2 weeks ago
Daily Crunch: Facebook extends Trump’s suspension until January 2023, 4 weeks ago
Trump congratulates Nigeria for Twitter ban says more countries should do the same, 3 weeks ago
Trump's new Hillary, 4 weeks ago
US formally ends Trump’s ‘Remain in Mexico’ asylum policy, 1 month ago
NATO adopts tough line on China at Biden's debut summit with ..., 2 weeks ago
Trump's back. Here's what his re-entry means for 2024., 1 month ago
Reuters Trump-inspired death threats are terrorizing election ..., 3 weeks ago
‘He’s screwed over so many publishers’: Trump confronts a skeptical book industry, 2 weeks ago
What is Trump Doing Now? Mar-A-Lago and Florida Coast Become ..., 3 weeks ago
Trump Impeachment Lawyers Representing People Charged In ..., 3 weeks ago
Trump and his allies try to rewrite distort history of pandemic while casting Fauci as public enemy No. 1, 3 weeks ago
What Happened When Trump Was Banned on Facebook and Twitter, 3 weeks ago
Michael Flynn and Trump’s lasting elevation of the fringe, 4 weeks ago
Trump's PAC Save America is opting supporters into extra 'surprise' donations for his birthday, 3 weeks ago
Biden to Amend Trump's China Blacklist Target Key Industries, 1 month ago
Trump’s shadow still looms over cloudy skies at G-7 summit, 2 weeks ago
FBI chief calls Capitol attack domestic terrorism and rejects Trump’s fraud claims, 3 weeks ago
Why Senate Democrats reversed few of Trump's 'midnight rules', 3 weeks ago
Nasty N.C. Senate primary tests Trump’s sway over the GOP, 1 week ago
Biden’s China Policy Is Emerging—and It Looks a Lot Like Trump’s, 3 weeks ago
Arizona ballot audit backed by secretive donors linked to Trump’s inner circle, 3 weeks ago
Apple Says It Turned Over Data on Donald McGahn in 2018, 2 weeks ago
Fox News host Sean Hannity wrote Trump 2020 campaign ad book claims, 1 month ago
Melania Trump's Ultra-Private Sister Draws Attention with Twitter Account, 3 weeks ago
Why Biden plans to reverse Trump’s Alaska policy in the Tongass National Forest, 2 weeks ago
Trump Administration Secretly Seized Phone Records of Times Reporters, 4 weeks ago
How Trump’s Political Legacy Is on the Ballot in the Virginia Governor’s Race, 3 weeks ago
Trump's 'ironic' rally soundtrack stuns Keilar and Berman, 3 weeks ago
Trump administration pursued CNN reporter's records in months-long secret court battle, 3 weeks ago
Trump’s blog just shut down. Without the mainstream media he’s starving., 1 month ago
Police did not clear D.C.'s Lafayette Square of protesters so Trump could hold a photo op new report says, 3 weeks ago
Biden’s China Policy Is Emerging—and It Looks a Lot Like Trump’s, 3 weeks ago
Arizona ballot audit backed by secretive donors linked to Trump’s inner circle, 3 weeks ago
Apple Says It Turned Over Data on Donald McGahn in 2018, 2 weeks ago
Melania Trump's Ultra-Private Sister Draws Attention with Twitter Account, 3 weeks ago
Why Biden plans to reverse Trump’s Alaska policy in the Tongass National Forest, 2 weeks ago
Trump Administration Secretly Seized Phone Records of Times Reporters, 4 weeks ago
How Trump’s Political Legacy Is on the Ballot in the Virginia Governor’s Race, 3 weeks ago
Trump's 'ironic' rally soundtrack stuns Keilar and Berman, 3 weeks ago
Exclusive data: Trump's traffic flop, 4 weeks ago
Trump administration pursued CNN reporter's records in months-long secret court battle, 3 weeks ago
How Trump's tariffs haunt Kentucky's whiskey distillers: 'We're still on death row', 2 weeks ago
The GOP superspreaders of Trump’s contagion, 3 weeks ago
Trump's August election reinstatement theory is even worse than it looks, 3 weeks ago
CNN Says Government Issued Gag Order in Fight Over Reporter’s Email Data, 2 weeks ago
Trump’s company puts D.C. hotel lease up for sale again, 1 month ago
Trump’s election fraud claims propelled them to the Capitol on Jan. 6. His ongoing comments are keeping them in jail., 3 weeks ago
You can believe in UFOs without believing Trump's election lies, 3 weeks ago
Senate report reveals new details about security failures ahead of January 6 attack but omits Trump's role, 3 weeks ago
Trump launches new 'communications' platform, 1 month ago
Why upholding Trump’s Facebook ban won’t break the cycle, 1 month ago
Here's just how much people have stopped talking about Trump on ..., 1 month ago
Trump slams South Korea's Moon but says likes North Korea's Kim, 2 months ago
Trump fumes as New York inquiry now a criminal probe, 1 month ago
Alarm over Trump's 'coup' in slow motion, 7 months ago
Biden will inherit a strong hand against China's Xi Jinping thanks to Trump, 6 months ago
5 reasons why Democrats are after Donald Trump in final days of his office, 5 months ago
Covid-19: Antibody cocktail used to treat Trump launched in India at Rs 59750/dose, 1 month ago
Explained: Trump’s H-1B visa ban has expired; what does it mean for India’s IT sector?, 2 months ago
What really happened in Lafayette Square?, 3 weeks ago
National Review Confirms 'Startling' Report On Trump's Current Grasp Of Reality, 4 weeks ago
Donald Trump may launch his own social media platform soon, 3 months ago
Trump launches new 'communications' platform, 1 month ago
Trump fumes as New York inquiry now a criminal probe, 1 month ago
Alarm over Trump's 'coup' in slow motion, 7 months ago
Biden will inherit a strong hand against China's Xi Jinping thanks to Trump, 6 months ago
Covid-19: Antibody cocktail used to treat Trump launched in India at Rs 59750/dose, 1 month ago
Explained: Trump’s H-1B visa ban has expired; what does it mean for India’s IT sector?, 2 months ago
Facebook bans 'voice of Trump' from platform, 2 months ago
Trump Pardons More Allies Including Son-In-Law's Father: White House, 6 months ago
Oversight Board upholds Donald Trump's suspension from Facebook and Instagram, 1 month ago
Trump to attend G20 summit in among last appearances with world leaders, 7 months ago
Twitter will reinstate Trump’s account following his deletion of tweets, 5 months ago
After Twitter FB and Instagram block Trump following mob attack on Capitol, 5 months ago
Donald Trump: Biography Tenure Political Party Property Awards ..., 5 months ago
Trump acquitted of inciting insurrection even as bipartisan majority votes ‘guilty’, 4 months ago
Facebook and Twitter Finally Locked Donald Trump's Accounts. Will They Ban Him Permanently?, 5 months ago
The deplatforming of President Trump, 5 months ago
Twitter Facebook lock Donald Trump’s account after violence on Capitol Hill, 5 months ago
Donald Trump’s final speech as president: Full transcript, 5 months ago
Trump’s ‘mini revolution’ is missing a megaphone, 1 month ago
US Supreme Court to Hear Trump Bid To Exclude Illegal Immigrants From Representation, 8 months ago
Donald Trump’s letter for Joe Biden triggers hilarious guesses online, 5 months ago
Donald Trump's wealth takes tumble during presidency, 3 months ago
Donald Trump Melania have mild Covid-19 symptoms are in good spirits: White House, 8 months ago
‘Madman … racist sexist pig’: new book details Obama’s real thoughts on Trump, 1 month ago
Snapchat permanently bans President Trump’s account, 5 months ago
Who’s who in Donald Trump’s second impeachment trial, 4 months ago
YouTube will punish Trump and other channels that continue to spread election lies, 5 months ago
US election: Trump won't commit to peaceful transfer of power, 9 months ago
President Trump permanently banned from Twitter over risk he could incite violence, 5 months ago
'Rationals' vs. 'radicals': Anti-Trump Republicans threaten third party, 1 month ago
Facebook Oversight Board delays decision about Trump's possible return, 2 months ago
White House acknowledges Trump's condition had been worse than revealed, 8 months ago
Dumping Donald Trump's policies Joe Biden leads world again in fight against climate change, 2 months ago
Trump Suspended by Twitter Facebook Snap in Riot's Wake, 5 months ago
What are the major factors that helped Mamata trump the Modi ..., 1 month ago
The corporate backlash to Trump after the Capitol riot: Why Twitter Deutsche Bank and others are cutting of…, 5 months ago
Trump family members got ‘inappropriately close’ to Secret Service agents book claims, 1 month ago
How Trump damaged science — and why it could take decades to ..., 8 months ago
Anthony Fauci not on Biden\'s COVID transition team; will stay with Trump, 7 months ago
US President Trump presents Legion of Merit to Prime Minister Narendra Modi, 6 months ago
The 'Shared Psychosis' of Donald Trump and His Loyalists, 5 months ago
How India Dealt with Donald Trump – The Diplomat, 7 months ago
Trump finally concedes Biden will become president, 5 months ago
Donald Trump’s remark on ‘filthy’ Indian air sparks row, 8 months ago
U.S. Billionaires Got $1 Trillion Richer During Trump's Term, 8 months ago
Trump pardons dozens in final hours including ex-aide Steve Bannon, 5 months ago
How Facebook and Twitter decided to take down Trump's accounts, 5 months ago
Trump impeached for 'inciting' US Capitol riot in historic second charge, 5 months ago
Trump's Power Won't Peak for Another 20 Years, 2 months ago
Since leaving office Trump has charged the Secret Service more than $40000 to use space at Mar-a-Lago, 1 month ago
Why Trump's challenges to democracy will be a big problem for Biden, 5 months ago
Ex-Trump adviser Michael Flynn says Myanmar-like coup 'should happen' in U.S., 1 month ago
Chaos of Trump's last days in office reverberates with fresh 'plot' report, 5 months ago
The Friend and Family Relationships the Trump Era Broke, 3 months ago
Trump’s Strategy for Returning to Power Is Already Clear, 3 months ago
Trump impeachment: Fact-checking the Senate trial, 4 months ago
Trump’s Tariffs Were Much More Damaging Than Thought, 1 month ago
He couldn't take Trump's lies anymore, 1 month ago
Trump urges Georgia official to overturn vote in leaked call, 5 months ago
How Science Explains Trump's Grip on White Males, 5 months ago
Coronavirus: Trump hospitalised for ‘mild symptoms’ but US president says he is doing very well, 8 months ago
The Race to Dismantle Trump's Immigration Policies, 4 months ago
Nick Clegg Steers Facebook's Trump Decision, 1 month ago
How America Changed During Trump's Presidency, 5 months ago
Trump’s taxes: Why they matter to a criminal probe, 4 months ago
The Truth About Trump's Mob by Jeffrey D. Sachs, 5 months ago
Most Republicans still believe 2020 election was stolen from Trump – poll, 1 month ago
Democrats renew effort to get Donald Trump’s financial records, 1 month ago
Campaign Said to Have Targeted Trump 'Enemies' in Government, 1 month ago
Trump’s acquittal seals his grasp on the Republican party, 4 months ago
US historians on what Donald Trump's legacy will be, 5 months ago
Trump impeached for 'inciting' US Capitol riot in historic second charge, 5 months ago
Trump's Power Won't Peak for Another 20 Years, 2 months ago
Democrats ask FBI to investigate Trump's Georgia phone call, 5 months ago
Since leaving office Trump has charged the Secret Service more than $40000 to use space at Mar-a-Lago, 1 month ago
Why Trump's challenges to democracy will be a big problem for Biden, 5 months ago
Chaos of Trump's last days in office reverberates with fresh 'plot' report, 5 months ago
How Barr Finally Turned on Trump, 3 days ago
Trump teases possible 2024 run at his 1st big rally since leaving White House, 2 days ago
Manhattan prosecutors will charge the Trump Organization and its CFO with tax-related crimes on Thursday repo, 1 hour ago
With 15 millionaires Biden Cabinet’s net worth lower than Trump Obama, 3 hours ago
Worldscape: Can Castillo Ace Fujimori’s Trump Card, 4 hours ago
Donald Trump heads to US-Mexico border for fresh attacks on President Joe Biden's policies, 5 hours ago
Trump hosts first rally since leaving White House | In Pics, 1 day ago
अमेरिका: ट्रंप के राष्ट्रपति पद से हटते ही संकट में आई अमेरिकी मीडिया इंडस्ट्री लोगों ने छोड़ा खबरें पढ़ना और देखना!, 6 hours ago
Charges expected Thursday for Trump''s company top executive, 19 mins ago
Trump lashes out at former ally McConnell after book reveals he pushed back against election claims, 1 day ago
The First Wave Of Post-Trump Books Arrives. And They Fight To ..., 7 hours ago
Donald Trump calls former Attorney General Barr disappointment, 2 days ago
Trump Ranks 41 Of 44 Presidents In Survey Of Historians As Obama Cracks Top 10, 56 mins ago
Trump blasts former ally McConnell after book reveals he pushed back voter fraud claims, 1 day ago
Trump's followers do take him literally, 1 hour ago
"Donald Trump visits Texas to tour ""unfinished border wall"" on U.S. ...", 6 hours ago
Xbox Remote Play Gameplay Usage Review on Series X: Underused Microsoft Trump Card, 4 hours ago
U.S. Should Distance From Trump-Era Trade Key EU Official Says, 22 hours ago
Trump audit excitement meets with fear from election officials, 7 hours ago
Rudy Giuliani Facing Inquiry Into Whether He Lobbied Trump for Turkey, 1 day ago
Wisconsin G.O.P. Wrestles With Just How Much to Indulge Trump, 23 hours ago
Americans Call for Mr. Donald Trump to be Voice of Humanity at “Global Crisis. This Already Affects Everyone”, 9 hours ago
Biden Takes Agenda to Rural U.S. Where Trump Fans Abound, 1 day ago
Trump's Texas border visit shows the Lone Star State is leading the GOP resistance to Biden, 7 hours ago
A Trump-Inspired Twitter Troll Gets Chance to Set the EU Agenda, 12 hours ago
Wuhan lab-leak theory fuels Trump comeback rally, 2 days ago
Trump contempt for White House Covid taskforce revealed in new book, 1 day ago
Parler reportedly refused to ban Trump’s critics as part of discussions to bring him onboard, 1 day ago
A New Darkness Falls on the Trump Movement, 23 hours ago
Jill Biden makes cover of Vogue after Melania Trump was snubbed, 21 hours ago
Trump reps reportedly told Parler he'd become an active member of the right-wing platform if it banned his cri, 1 day ago
Murkowski has the moxie to take on Trump. Will she?, 7 hours ago
Top US general got into shouting match with Trump over race protests – report, 2 days ago
Colbert on Trump’s first rally since the Capitol riot: ‘Why is he allowed to have rallies after that?’, 1 day ago
Twitter reactions: Tabraiz Shamsi Quinton de Kock help South Africa trump West Indies in a last-over thriller, 9 hours ago
The man who kept hanging 'Trump Won' banners at baseball games has been barred from all MLB stadiums but he's, 1 day ago
CNN rattled after Trump mocks network's dismal ratings drop, 14 hours ago
Iranian president says US gov't still follows Trump's legacy against ..., 3 hours ago
Opinion | Dear Leader: A Near-Perfect Letter From a Trump Sycophant Annotated, 7 hours ago
Weather could trump USDA data analyst says, 1 hour ago
Trump’s First Postpresidential Rally Was a Dark Warning, 1 day ago
Bargain-Basement Sale on Donald Trump’s New York Condos a Success, 20 hours ago
Facebook suspends former U.S. President Donald Trump’s account until 2023, 4 weeks ago
Opinion: The Trump bump has disappeared. What now for ..., 4 hours ago
Inside the extraordinary effort to save Trump from Covid, 9 hours ago
Trump's July 4 weekend rally in Alabama canceled over 'partisan' concerns, 20 hours ago
Romney: Most Americans know Trump's election fraud claims are ..., 16 hours ago
Trump says Herschel Walker will run for Georgia Senate seat in 2022, 18 hours ago
Dems fret that GOP could tap pro-Trump chaos agents for Jan. 6 probe, 7 hours ago
Hunting leaks Trump officials focused on Democrats in Congress, 3 weeks ago
Donald Trump’s January 6, 2 days ago
Online activism is spilling into the streets of Southern California sparking a post-Trump movement, 1 day ago
Donald Trump says bitcoin is a scam. Here’s why, 3 weeks ago
Donald Trump Jr. Did It Again With A Ridiculous Take On 'Brittany' Spears’ Conservatorship, 8 hours ago
Biden’s Failure to End Trump’s War on Cuba Is Threatening Lives, 1 day ago
John Bolton Almost Gave His Donald Trump Memoir A NSFW Title But Was Talked Out Of It, 7 hours ago
Romney: Trump’s lie that he lost 2020 election from voter fraud ‘like WWF’, 2 days ago
"Michael Cohen on Trump legal drama: ""They have documents to ...", 5 hours ago
Trump's new public enemy no. 1, 1 day ago
Panel Reaffirms Blow to Trump's Signature Civil Service Reform ..., 1 day ago
Harris is on a mission to repair Trump's failed immigration policies | TheHill, 1 day ago
Three percenter at Trump rally warns of future violence, 1 day ago
Documents Show Ivanka Trump Didn't Testify Accurately in ..., 2 days ago
New & Noteworthy From Trump’s America to a Swedish Thriller, 1 day ago
Remember Donald Trump-touted hydroxychloroquine? Study in India backs it as Covid-19 cure, 3 weeks ago
Backlash over shambolic ballot spectacle doesn't discourage Arizona GOP from Trump loyalty, 11 hours ago
Donald Trump’s lookalike seen in Pakistan a kulfi seller winning internet through his singing talent, 2 weeks ago
Trump Aides Prepped Insurrection Act Order Amid Protests, 4 days ago
Trump Organization Could Face Criminal Charges in D.A. Inquiry, 2 days ago
Donald Trump's 'communications' platform permanently taken offline, 1 month ago
Rudy Giuliani is suspended from practicing law in New York over false statements about Trump election loss, 6 days ago
Legal storm clouds gather over Donald Trump’s future, 3 weeks ago
Inside the extraordinary effort to save Trump from covid-19, 4 days ago
Top US general rejected Trump suggestions military should 'crack skulls' during protests last year new book claims, 5 days ago
Fed research: Trump’s trade tariffs led to losses in billions, 1 week ago
Biden revokes and replaces Trump orders banning TikTok and WeChat, 3 weeks ago
Donald Trump’s Former Bodyguard Under Scrutiny in New York Probe, 1 week ago
Trump adviser Lewandowski: he ‘lost the election’ and will not be reinstated, 3 weeks ago
Joe Biden to use Nato summit to atone for damage of Trump years, 2 weeks ago
Trump set to return to public arena as emails reveal how he pushed election lie, 3 weeks ago
Trump’s fundraising arm is back advertising on Facebook, 1 week ago
There’s no escape from holding Trump accountable, 2 weeks ago
Trump’s ex-counsel quizzed on Russia investigation after two-year fight, 4 weeks ago
Trump's Planned Return Isn't Really a Joke, 4 weeks ago
Trump’s defender in rape defamation suit: Biden’s Justice Dept, 3 weeks ago
New book offers fresh details about chaos conflicts inside Trump’s pandemic response, 1 week ago
Shein Clothing Beats Amazon in App Downloads After Emerging ..., 2 weeks ago
Donald Trump Jr sells $500 videos to fans on Cameo, 4 weeks ago
Fox News host Kayleigh McEnany says she ‘never lied’ as Trump press secretary, 2 weeks ago
Tension grips Michigan as Trump’s election attacks continue to reverberate, 6 days ago
What to expect from Trump's summer grievance tour, 1 month ago
Congress to probe 'rogue' actions of Trump's Justice Dept, 2 weeks ago
Trump aide asked DoJ to investigate bizarre ‘Italygate’ claim votes were changed by satellite, 3 weeks ago
House Republicans set to join Trump's border trip, 1 week ago
America's Image Abroad Rebounds With Transition From Trump to ..., 3 weeks ago
Trump Pressed Rosen to Wield Justice Dept. to Back 2020 Election Claims, 2 weeks ago
Woes mount for legal loyalists who pushed Trump’s election conspiracies, 2 weeks ago
Fugees rapper Pras Jho Low charged in scheme to get Trump administration to drop 1MDB probe, 3 weeks ago
Ex-Trump adviser paints disturbing picture of Trump's mindset, 4 weeks ago
Reverse Trump’s cuts to monument protections Haaland asks Biden, 2 weeks ago
House Republicans set to join Trump's border trip, 1 week ago
America's Image Abroad Rebounds With Transition From Trump to ..., 3 weeks ago
Trump Pressed Rosen to Wield Justice Dept. to Back 2020 Election Claims, 2 weeks ago
Woes mount for legal loyalists who pushed Trump’s election conspiracies, 2 weeks ago
Fugees rapper Pras Jho Low charged in scheme to get Trump administration to drop 1MDB probe, 3 weeks ago
Ex-Trump adviser paints disturbing picture of Trump's mindset, 4 weeks ago
Reverse Trump’s cuts to monument protections Haaland asks Biden, 2 weeks ago
Man posed as Trump's family to steal thousands from supporters prosecutors say, 3 weeks ago
Trump Executive Allen Weisselberg Could Face Charges as Soon as This Summer, 2 weeks ago
Actually Trump Was NOT Wearing His Pants Backward At A ..., 3 weeks ago
Can Biden Reverse Trump’s Damage to the State Department?, 2 weeks ago
Daily Crunch: Facebook extends Trump’s suspension until January 2023, 4 weeks ago
Trump congratulates Nigeria for Twitter ban says more countries should do the same, 3 weeks ago
Trump's new Hillary, 4 weeks ago
US formally ends Trump’s ‘Remain in Mexico’ asylum policy, 1 month ago
NATO adopts tough line on China at Biden's debut summit with ..., 2 weeks ago
Trump's back. Here's what his re-entry means for 2024., 1 month ago
Reuters Trump-inspired death threats are terrorizing election ..., 3 weeks ago
‘He’s screwed over so many publishers’: Trump confronts a skeptical book industry, 2 weeks ago
What is Trump Doing Now? Mar-A-Lago and Florida Coast Become ..., 3 weeks ago
Trump Impeachment Lawyers Representing People Charged In ..., 3 weeks ago
Trump and his allies try to rewrite distort history of pandemic while casting Fauci as public enemy No. 1, 3 weeks ago
What Happened When Trump Was Banned on Facebook and Twitter, 3 weeks ago
Michael Flynn and Trump’s lasting elevation of the fringe, 4 weeks ago
Trump's PAC Save America is opting supporters into extra 'surprise' donations for his birthday, 3 weeks ago
Biden to Amend Trump's China Blacklist Target Key Industries, 1 month ago
Trump’s shadow still looms over cloudy skies at G-7 summit, 2 weeks ago
FBI chief calls Capitol attack domestic terrorism and rejects Trump’s fraud claims, 3 weeks ago
Why Senate Democrats reversed few of Trump's 'midnight rules', 3 weeks ago
Nasty N.C. Senate primary tests Trump’s sway over the GOP, 1 week ago
'So interesting': Trump pitched on idea to run for House become Speaker | TheHill, 4 weeks ago
Trump’s Deranged Theory That Democrats Would Replace Biden Might Have Helped Him Lose 2020, 3 weeks ago
Netanyahu's Trump-style campaign to stop Israel's transfer of power, 3 weeks ago
How Trump’s Removal From Social Media Could Affect His Grasp On The GOP, 3 weeks ago
Trump has grown increasingly consumed with ballot audits as he pushes falsehood that election was stolen, 1 month ago
The case for prosecuting Donald Trump, 3 weeks ago
Trump's North Carolina GOP Convention Speech And The ..., 3 weeks ago
Late Night Is Tickled by Trump’s Pants, 3 weeks ago
States Biden Won Are Leading On Vaccines. Trump States Lag, 3 weeks ago
Jimmy Fallon Throws Jabs at Trump’s New Tour With Bill O’Reilly, 3 weeks ago
Trump’s blog just shut down. Without the mainstream media he’s starving., 1 month ago
Police did not clear D.C.'s Lafayette Square of protesters so Trump could hold a photo op new report says, 3 weeks ago
Biden’s China Policy Is Emerging—and It Looks a Lot Like Trump’s, 3 weeks ago
Arizona ballot audit backed by secretive donors linked to Trump’s inner circle, 3 weeks ago
Apple Says It Turned Over Data on Donald McGahn in 2018, 2 weeks ago
Melania Trump's Ultra-Private Sister Draws Attention with Twitter Account, 3 weeks ago
Why Biden plans to reverse Trump’s Alaska policy in the Tongass National Forest, 2 weeks ago
Trump Administration Secretly Seized Phone Records of Times Reporters, 4 weeks ago
How Trump’s Political Legacy Is on the Ballot in the Virginia Governor’s Race, 3 weeks ago
Trump's 'ironic' rally soundtrack stuns Keilar and Berman, 3 weeks ago
Exclusive data: Trump's traffic flop, 4 weeks ago
Trump administration pursued CNN reporter's records in months-long secret court battle, 3 weeks ago
How Trump's tariffs haunt Kentucky's whiskey distillers: 'We're still on death row', 2 weeks ago
The GOP superspreaders of Trump’s contagion, 3 weeks ago
Trump's August election reinstatement theory is even worse than it looks, 3 weeks ago
CNN Says Government Issued Gag Order in Fight Over Reporter’s Email Data, 2 weeks ago
Trump’s company puts D.C. hotel lease up for sale again, 1 month ago
Trump’s election fraud claims propelled them to the Capitol on Jan. 6. His ongoing comments are keeping them in jail., 3 weeks ago
You can believe in UFOs without believing Trump's election lies, 3 weeks ago
Senate report reveals new details about security failures ahead of January 6 attack but omits Trump's role, 3 weeks ago
The Biden team is making terrible excuses for keeping Trump’s secrets buried, 1 month ago
Biden goes ‘full steam ahead’ on Trump’s nuclear expansion despite campaign rhetoric, 1 month ago
‘I Made Juneteenth Very Famous’: The Inside Story of Trump’s Post-George Floyd Month, 2 weeks ago
Acosta to Trump: 'You are not well sir. You need to get over this', 3 weeks ago
Exclusive: New audio of 2019 phone call reveals how Giuliani pressured Ukraine to investigate baseless Biden conspiracies, 3 weeks ago
The Confusing Law That Could Shape Trump’s Legal Fate, 4 weeks ago
Trump's Loyal 'Low Profile' Money Man Could Bring Him Down, 3 weeks ago
Guatemala's prez blames Biden for border crisis as protesters tell Kamala Harris 'Trump won', 3 weeks ago
McGahn on Trump's pressure: I felt 'perturbed trapped', 3 weeks ago
Poll: 51 percent of Americans support Trump's 2-year Facebook ban, 3 weeks ago
Trump launches new 'communications' platform, 1 month ago
Why upholding Trump’s Facebook ban won’t break the cycle, 1 month ago
Here's just how much people have stopped talking about Trump on ..., 1 month ago
Trump fumes as New York inquiry now a criminal probe, 1 month ago
Alarm over Trump's 'coup' in slow motion, 7 months ago
Biden will inherit a strong hand against China's Xi Jinping thanks to Trump, 6 months ago
Covid-19: Antibody cocktail used to treat Trump launched in India at Rs 59750/dose, 1 month ago
Explained: Trump’s H-1B visa ban has expired; what does it mean for India’s IT sector?, 2 months ago
Facebook bans 'voice of Trump' from platform, 2 months ago
Trump Pardons More Allies Including Son-In-Law's Father: White House, 6 months ago
Oversight Board upholds Donald Trump's suspension from Facebook and Instagram, 1 month ago
Trump to attend G20 summit in among last appearances with world leaders, 7 months ago
Twitter will reinstate Trump’s account following his deletion of tweets, 5 months ago
After Twitter FB and Instagram block Trump following mob attack on Capitol, 5 months ago
Donald Trump: Biography Tenure Political Party Property Awards ..., 5 months ago
Trump acquitted of inciting insurrection even as bipartisan majority votes ‘guilty’, 4 months ago
Facebook and Twitter Finally Locked Donald Trump's Accounts. Will They Ban Him Permanently?, 5 months ago
The deplatforming of President Trump, 5 months ago
Twitter Facebook lock Donald Trump’s account after violence on Capitol Hill, 5 months ago
Trump impeachment: Key takeaways from defence case, 4 months ago
Snapchat locks President Donald Trump’s account, 5 months ago
Donald Trump’s final speech as president: Full transcript, 5 months ago
Trump’s ‘mini revolution’ is missing a megaphone, 1 month ago
Donald Trump’s letter for Joe Biden triggers hilarious guesses online, 5 months ago
Donald Trump's wealth takes tumble during presidency, 3 months ago
Donald Trump Melania have mild Covid-19 symptoms are in good spirits: White House, 8 months ago
'I'm immune': Donald Trump insists he's free of coronavirus, 8 months ago
‘Madman … racist sexist pig’: new book details Obama’s real thoughts on Trump, 1 month ago
Snapchat permanently bans President Trump’s account, 5 months ago
Who’s who in Donald Trump’s second impeachment trial, 4 months ago
Who’s who in Donald Trump’s second impeachment trial, 4 months ago
YouTube will punish Trump and other channels that continue to spread election lies, 5 months ago
US election: Trump won't commit to peaceful transfer of power, 9 months ago
President Trump permanently banned from Twitter over risk he could incite violence, 5 months ago
'Rationals' vs. 'radicals': Anti-Trump Republicans threaten third party, 1 month ago
Trump Plans Defiant Final Week as Many Democrats Urge His Ouster, 5 months ago
Facebook Oversight Board delays decision about Trump's possible return, 2 months ago
White House acknowledges Trump's condition had been worse than revealed, 8 months ago
Dumping Donald Trump's policies Joe Biden leads world again in fight against climate change, 2 months ago
Trump Suspended by Twitter Facebook Snap in Riot's Wake, 5 months ago
Trump family members got ‘inappropriately close’ to Secret Service agents book claims, 1 month ago
How Trump damaged science — and why it could take decades to ..., 8 months ago
The 'Shared Psychosis' of Donald Trump and His Loyalists, 5 months ago
Trump finally concedes Biden will become president, 5 months ago
Donald Trump’s remark on ‘filthy’ Indian air sparks row, 8 months ago
U.S. Billionaires Got $1 Trillion Richer During Trump's Term, 8 months ago
Trump pardons dozens in final hours including ex-aide Steve Bannon, 5 months ago
How Facebook and Twitter decided to take down Trump's accounts, 5 months ago
Fox News Intensifies Its Pro-Trump Politics as Dissenters Depart, 1 month ago
Trump Net Worth 2021: Business Empire at Risk from Covid Capitol ..., 3 months ago
Trump is sliding toward online irrelevance. His new blog isn’t helping., 1 month ago
Twitter boss: Trump ban is 'right' but 'dangerous', 5 months ago
Explainer: Trump's acts as president are 'fair game' for criminal charges, 4 months ago
Mar-a-Lago: 'Covid outbreak' at Trump's Florida residence, 3 months ago
‘Dumb son of a bitch’: Trump attacks McConnell in Republican donors speech, 2 months ago
Trump’s Inner Circle Is Reportedly Soiling Itself at the Likelihood of Criminal Charges as It Should Be, 1 month ago
Melania’s jacket and nine other defining images of Trump's presidency, 5 months ago
Secret Service extension for Trump’s adult children cost $140000 in a month, 1 month ago
Facebook Suspends Trump Indefinitely Amid Pressure on Social Media to Clamp Down, 5 months ago
He couldn't take Trump's lies anymore, 1 month ago
Trump urges Georgia official to overturn vote in leaked call, 5 months ago
How Science Explains Trump's Grip on White Males, 5 months ago
Coronavirus: Trump hospitalised for ‘mild symptoms’ but US president says he is doing very well, 8 months ago
The Race to Dismantle Trump's Immigration Policies, 4 months ago
Nick Clegg Steers Facebook's Trump Decision, 1 month ago
How America Changed During Trump's Presidency, 5 months ago
Trump’s taxes: Why they matter to a criminal probe, 4 months ago
The Truth About Trump's Mob by Jeffrey D. Sachs, 5 months ago
Most Republicans still believe 2020 election was stolen from Trump – poll, 1 month ago
How India Dealt with Donald Trump – The Diplomat, 7 months ago
Inside the remarkable rift between Donald Trump and Mike Pence, 5 months ago
Facebook and Shopify boot Trump following Capitol siege, 5 months ago
Democrats renew effort to get Donald Trump’s financial records, 1 month ago
Campaign Said to Have Targeted Trump 'Enemies' in Government, 1 month ago
Trump’s acquittal seals his grasp on the Republican party, 4 months ago
US historians on what Donald Trump's legacy will be, 5 months ago
Trump impeached for 'inciting' US Capitol riot in historic second charge, 5 months ago
Trump's Power Won't Peak for Another 20 Years, 2 months ago
Since leaving office Trump has charged the Secret Service more than $40000 to use space at Mar-a-Lago, 1 month ago
Chaos of Trump's last days in office reverberates with fresh 'plot' report, 5 months ago
The Friend and Family Relationships the Trump Era Broke, 3 months ago
Trump demands Biden take drug test before or after 29 Sept debate, 9 months ago
Trump’s Strategy for Returning to Power Is Already Clear, 3 months ago
Trump impeachment: Fact-checking the Senate trial, 4 months ago
Trump’s Tariffs Were Much More Damaging Than Thought, 1 month ago
Trump Was Sicker Than Acknowledged With Covid-19, 4 months ago
'Harsh reminder': Key takeaways from Day Two of Trump's second impeachment trial, 4 months ago
US Election: Twitter hides Trump tweet about 'disappearing' lead, 7 months ago
Donald Trump’s Indonesian Resort ‘Dream Project’ Is Reportedly Moving Ahead Without Him, 3 months ago
EXCLUSIVE Court action seeks probe of Trump's Scottish golf ..., 1 month ago
How Barr Finally Turned on Trump, 3 days ago
Trump teases possible 2024 run at his 1st big rally since leaving White House, 2 days ago
Charges expected Thursday for Donald Trump's company top executive, 51 mins ago
Manhattan prosecutors will charge the Trump Organization and its CFO with tax-related crimes on Thursday repo, 2 hours ago
With 15 millionaires Biden Cabinet’s net worth lower than Trump Obama, 4 hours ago
Trump hosts first rally since leaving White House | In Pics, 1 day ago
Donald Trump heads to US-Mexico border for fresh attacks on Biden policies, 5 hours ago
अमेरिका: ट्रंप के राष्ट्रपति पद से हटते ही संकट में आई अमेरिकी मीडिया इंडस्ट्री लोगों ने छोड़ा खबरें पढ़ना और देखना!, 6 hours ago
Worldscape: Can Castillo Ace Fujimori’s Trump Card, 5 hours ago
Trump’s business CFO likely to be charged on Thursday, 22 mins ago
The 1st Wave Of Post-Trump Books Arrives. And They Fight To Make ..., 7 hours ago
Donald Trump calls former Attorney General Barr disappointment, 2 days ago
Trump Ranks 41 Of 44 Presidents In Survey Of Historians As Obama Cracks Top 10, 1 hour ago
Obama: Trump election 'hooey' violated core tenet of democracy, 1 day ago
Trump praised China against his health secretary's advice: book, 1 hour ago
Trump Organization and CFO Weisselberg Will Be Charged Thursday, 15 mins ago
Trump blasts former ally McConnell after book reveals he pushed back voter fraud claims, 1 day ago
Trump's followers do take him literally, 2 hours ago
Xbox Remote Play Gameplay Usage Review on Series X: Underused Microsoft Trump Card, 4 hours ago
U.S. Should Distance From Trump-Era Trade Key EU Official Says, 23 hours ago
